LBL,Hypoxia_grp,Aggregate_grp,Aggregate_grp2,Func_grp,General_grouping,              Family,             Order ,Class ,TSN,NODC_CODE
Hutchinsoniella macraca,.,.,.,.,brachypoda,Hutchinsoniella ,Brachypoda,Cephalocarida,#N/A,
hutchinsoniella macracantha,.,.,.,.,brachypoda,Hutchinsoniella ,Brachypoda,Cephalocarida,,
Decapoda,.,.,.,.,decapod,.,Decapoda,Malacostraca,95599,
Hydracarina,.,.,.,.,hydrachnidiae,Hydrachnellae,Trombidiformes,Archanida,#N/A,
No Organisms Present,.,.,.,.,No Organisms Present,.,.,.,#N/A,
Pycnogonida,.,.,.,.,pycnogonid,.                               ,Pantopoda,Pycnogonida,83545,
Tanystylum orbiculare,.,.,.,.,pycnogonid,Ammotheidae,Pantopoda,Pycnogonida,83618,
Branchiostoma caribaeum,.,amphioxus,amphioxus,amphioxus,amphioxus,Branchiostomatidae,Amphioxiformes,Leptocardii,159682,
Balanus improvisus,.,barnacle,barnacle,barnacle,barnacle,Balanidae      ,Sessilia             ,Maxillopoda,89622,
balanus spp.,.,barnacle,barnacle,barnacle,barnacle,Balanidae      ,Sessilia             ,Maxillopoda,,
Anadara ovalis,Bivalves,other_bivalves,Large_bivalve,bivalves,bivalve,Arcidae        ,Arcoida       ,Bivalvia         ,79342,
Barnea truncata,Bivalves,other_bivalves,Large_bivalve,bivalves,bivalve,Pholadidae,Myida          ,Bivalvia         ,81798,
Corbicula fluminea,Bivalves,Corbicula,Large_bivalve,bivalves,bivalve,Cyrenoidae,Veneroida  ,Bivalvia         ,81387,
crassostrea virginica,Bivalves,other_bivalves,Large_bivalve,bivalves,bivalve,Ostreidae,Ostreida,Bivalvia         ,,
Cyrtopleura costata,Bivalves,other_bivalves,Large_bivalve,bivalves,bivalve,Pholadidae,Myoida          ,Bivalvia         ,81796,
Dosinia discus,Bivalves,other_bivalves,Large_bivalve,bivalves,bivalve,Venerida   ,Veneroida  ,Bivalvia         ,81489,
Elliptio complanata,Bivalves,other_bivalves,Large_bivalve,bivalves,bivalve,Unionidae,Unionoida ,Bivalvia         ,79952,
Ensis directus,Bivalves,Razor_clams,Large_bivalve,bivalves,bivalve,Pharidae     ,Adapedonta,Bivalvia         ,81022,
Geukensia demissa,Bivalves,other_bivalves,Large_bivalve,bivalves,bivalve,Mytillidae   ,Mytiloida    ,Bivalvia         ,79555,
Ischadium recurvum,Bivalves,other_bivalves,Large_bivalve,bivalves,bivalve,Mytilidae   ,Mytiloida    ,Bivalvia         ,79561,
Mercenaria mercenaria,Bivalves,other_bivalves,Large_bivalve,bivalves,bivalve,Venerida   ,Veneroida  ,Bivalvia         ,81496,
Modiolus modiolus,Bivalves,other_bivalves,Large_bivalve,bivalves,bivalve,Mytillidae   ,Mytilida     ,Bivalvia         ,79501,
Mya arenaria,Bivalves,other_bivalves,Large_bivalve,bivalves,bivalve,Myidae       ,Myoida           ,Bivalvia         ,81692,
Mytilidae,Bivalves,other_bivalves,Large_bivalve,bivalves,bivalve,Mytilidae   ,Mytiloida    ,Bivalvia         ,#N/A,
Mytilus edulis,Bivalves,other_bivalves,Large_bivalve,bivalves,bivalve,Mytilidae             ,Mytiloida    ,Bivalvia         ,79454,
Petricola pholadiformis,Bivalves,other_bivalves,Large_bivalve,bivalves,bivalve,Petricolidae,veneroida  ,Bivalvia         ,81627,
polymesoda caroliniana,Bivalves,other_bivalves,Large_bivalve,bivalves,bivalve,Cyrenidae,Venerida,Bivalvia         ,,
Rangia cuneata,Bivalves,Rangia,Large_bivalve,bivalves,bivalve,Mactridae  ,veneroida  ,Bivalvia         ,80962,
siliqua costata,Bivalves,Razor_clams,Large_bivalve,bivalves,bivalve,Pharidae     ,Adapedonta,Bivalvia         ,,
spisula solidissima,Bivalves,other_bivalves,Large_bivalve,bivalves,bivalve,Mactridae  ,Venerida,Bivalvia         ,,
Tagelus divisus,Bivalves,Razor_clams,Large_bivalve,bivalves,bivalve,Solecurtidae,Cardiida    ,Bivalvia         ,81274,
Tagelus plebeius,Bivalves,Razor_clams,Large_bivalve,bivalves,bivalve,Solecurtidae,Cardiida    ,Bivalvia         ,81272,
Unionidae,Bivalves,other_bivalves,Large_bivalve,bivalves,bivalve,Unionidae,Unionoida ,Bivalvia         ,79913,
Yoldia limatula,Bivalves,other_bivalves,Large_bivalve,bivalves,bivalve,Yoldiidae ,Nuculoida ,Bivalvia         ,79273,
Abra aequalis,Bivalves,other_bivalves,Small_bivalve,bivalves,bivalve,Semelidae,Cardiida            ,Bivalvia         ,81302,
Aligena elevata,Bivalves,other_bivalves,Small_bivalve,bivalves,bivalve,Lasaeidae    ,veneroida  ,Bivalvia         ,80685,
amygdalum papyrium,Bivalves,other_bivalves,Small_bivalve,bivalves,bivalve,Mytillidae   ,Mytilida     ,Bivalvia         ,,
Anadara transversa,Bivalves,other_bivalves,Small_bivalve,bivalves,bivalve,Arcidae        ,Arcoida       ,Bivalvia         ,79340,
anomia simplex,Bivalves,other_bivalves,Small_bivalve,bivalves,bivalve,Anomiidae,Pectinida,Bivalvia         ,,
arcuatula papyria,Bivalves,other_bivalves,Small_bivalve,bivalves,bivalve,Mytillidae   ,Mytilida     ,Bivalvia         ,,
Bivalvia,Bivalves,other_bivalves,Small_bivalve,bivalves,bivalve,.,.,Bivalvia         ,79118,
donax variabilis,Bivalves,other_bivalves,Small_bivalve,bivalves,bivalve,Donacidae,Cardiida,Bivalvia         ,,
Gemma gemma,Bivalves,other_bivalves,Small_bivalve,bivalves,bivalve,Venerida   ,Veneroida  ,Bivalvia         ,81511,
Lyonsia hyalina,Bivalves,other_bivalves,Small_bivalve,bivalves,bivalve,Lyonsiidae   ,Pholadomyoida,Bivalvia         ,81926,
Macoma balthica,Bivalves,Macoma,Small_bivalve,bivalves,bivalve,Tellinidae   ,Cardiida       ,Bivalvia         ,#N/A,
Macoma mitchelli,Bivalves,Macoma,Small_bivalve,bivalves,bivalve,Tellinidae   ,Cardiida      ,Bivalvia         ,81054,
Macoma spp.,Bivalves,Macoma,Small_bivalve,bivalves,bivalve,Tellinidae   ,Cardiida            ,Bivalvia         ,#N/A,
Macoma tenta,Bivalves,Macoma,Small_bivalve,bivalves,bivalve,Tellinidae   ,Cardiida            ,Bivalvia         ,81055,
Mulinia lateralis,Bivalves,other_bivalves,Small_bivalve,bivalves,bivalve,Mactridae  ,Veneroida  ,Bivalvia         ,80959,
Musculium spp.,Bivalves,other_bivalves,Small_bivalve,bivalves,bivalve,Sphaeriidae,Veneroida  ,Bivalvia         ,#N/A,
Musculium transversum,Bivalves,other_bivalves,Small_bivalve,bivalves,bivalve,Sphaeriidae,Veneroida  ,Bivalvia         ,81428,
Mysella planulata,Bivalves,other_bivalves,Small_bivalve,bivalves,bivalve,Montacutidae,Veneroida  ,Bivalvia         ,80661,
Mytilopsis leucophaeata,Bivalves,other_bivalves,Small_bivalve,bivalves,bivalve,Dreissenidae,Veneroida  ,Bivalvia         ,81335,
Nucula proxima,Bivalves,other_bivalves,Small_bivalve,bivalves,bivalve,Nuculidae  ,Nuculida ,Bivalvia         ,79132,
Nuculana messanensis,Bivalves,other_bivalves,Small_bivalve,bivalves,bivalve,Nuculanidae ,Nuculoida ,Bivalvia         ,79212,
Nuculana spp.,Bivalves,other_bivalves,Small_bivalve,bivalves,bivalve,Nuculanidae ,Nuculoida ,Bivalvia         ,#N/A,
Pandora gouldiana,Bivalves,other_bivalves,Small_bivalve,bivalves,bivalve,Pandoridae,Pholadomyoida,Bivalvia         ,81896,
Pandora trilineata,Bivalves,other_bivalves,Small_bivalve,bivalves,bivalve,Pandoridae,Pholadomyoida,Bivalvia         ,81895,
Parvilucina crenella,Bivalves,other_bivalves,Small_bivalve,bivalves,bivalve,Lucinidae  ,Lucinida  ,Bivalvia         ,80390,
Periploma spp.,Bivalves,other_bivalves,Small_bivalve,bivalves,bivalve,Perplomatidae ,Pholadomyoida,Bivalvia         ,#N/A,
pisidium compressum,Bivalves,other_bivalves,Small_bivalve,bivalves,bivalve,Sphaeriidae,veneroida  ,Bivalvia         ,,
Pisidium spp.,Bivalves,other_bivalves,Small_bivalve,bivalves,bivalve,Sphaeriidae,veneroida  ,Bivalvia         ,#N/A,
semele purpurascens,Bivalves,other_bivalves,Small_bivalve,bivalves,bivalve,Semelidae,Cardiida,Bivalvia         ,,
Solemya velum,Bivalves,other_bivalves,Small_bivalve,bivalves,bivalve,Solemyidae,Solemyoida,Bivalvia         ,79316,
Sphaeriidae,Bivalves,other_bivalves,Small_bivalve,bivalves,bivalve,Sphaeriidae,Veneroida  ,Bivalvia         ,81389,
Sphaerium spp.,Bivalves,other_bivalves,Small_bivalve,bivalves,bivalve,Sphaeriidae,Veneroida  ,Bivalvia         ,#N/A,
Tellina agilis,Bivalves,other_bivalves,Small_bivalve,bivalves,bivalve,Tellinidae   ,Cardida      ,Bivalvia         ,81088,
Tellinidae,Bivalves,other_bivalves,Small_bivalve,bivalves,bivalve,Tellinidae   ,Cardida      ,Bivalvia         ,81032,
Anthozoa,.,.,.,cnidaria,cnidaria,.,.,.,51938,
Ceriantheopsis american,.,anemone,anemone,cnidaria,cnidaria,Cerianthidae,Spirularia,Anthozoa      ,#N/A,
ceriantheopsis americanus,.,anemone,anemone,cnidaria,cnidaria,Cerianthidae,Spirularia,Anthozoa      ,#N/A,
Diadumene leucolena,.,anemone,anemone,cnidaria,cnidaria,Diadumenidae,Actiniaria ,Anthozoa,52749,
Eunicea spp.,.,coral,coral,cnidaria,cnidaria,Plexauridae,Alcyonacea,Anthozoa,#N/A,
haloclava producta,.,cnidarian,cnidarian,cnidarian,cnidarian,Haloclavidae,Actiniaria ,anthozoa,,
Brachyura,.,decapod_crab,large_decapod,decapod_crab,decapod_crab,.,Decapoda,Malacostraca,98276,
Brachyuran zoea,.,decapod_crab,large_decapod,decapod_crab,decapod_crab,.,Decapoda,Malacostraca,#N/A,
Callinectes sapidus,.,decapod_crab,large_decapod,decapod_crab,decapod_crab,Portunidae,Decapoda,Malacostraca,98696,
Dyspanopeus sayi,.,decapod_crab,large_decapod,decapod_crab,decapod_crab,Panopeidae,Decapoda,Malacostraca,98901,
Euceramus praelongus,.,decapod_crab,large_decapod,decapod_crab,decapod_crab,Porcellanidae,Decapoda,Malacostraca,98081,
Eurypanopeus depressus,.,decapod_crab,large_decapod,decapod_crab,decapod_crab,Panopeidae,Decapoda,Malacostraca,98759,
Hexapanopeus angustifro,.,decapod_crab,large_decapod,decapod_crab,decapod_crab,Panopeidae,Decapoda,Malacostraca,#N/A,
hexapanopeus angustifrons,.,decapod_crab,large_decapod,decapod_crab,decapod_crab,Panopeidae,Decapoda,Malacostraca,,
ovalipes ocellatus,.,decapod_crab,large_decapod,decapod_crab,decapod_crab,Ovalipidae,Decapoda,Malacostraca,,
pagurus acadianus,.,decapod_crab,large_decapod,decapod_crab,decapod_crab,Paguridae,Decapoda ,Malacostraca,,
Pagurus annulipes,.,decapod_crab,large_decapod,decapod_crab,decapod_crab,Paguridae,Decapoda ,Malacostraca,97804,
Pagurus longicarpus,.,decapod_crab,large_decapod,decapod_crab,decapod_crab,Paguridae,Decapoda ,Malacostraca,97807,
pagurus pubescens,.,decapod_crab,large_decapod,decapod_crab,decapod_crab,Paguridae,Decapoda ,Malacostraca,,
Pagurus spp.,.,decapod_crab,large_decapod,decapod_crab,decapod_crab,Paguridae,Decapoda ,Malacostraca,#N/A,
Panopeus herbstii,.,mud_crab,large_decapod,decapod_crab,decapod_crab,Panopeidae,Decapoda ,Malacostraca,98778,
Pinnixa chaetopterana,.,decapod_crab,large_decapod,decapod_crab,decapod_crab,Pinnotheridae,Decapoda ,Malacostraca,98998,
pinnixa lunzi,.,decapod_crab,large_decapod,decapod_crab,decapod_crab,Pinnotheridae,Decapoda ,Malacostraca,,
Pinnixa retinens,.,decapod_crab,large_decapod,decapod_crab,decapod_crab,Pinnotheridae,Decapoda ,Malacostraca,99001,
Pinnixa sayana,.,decapod_crab,large_decapod,decapod_crab,decapod_crab,Pinnotheridae,Decapoda ,Malacostraca,99002,
Pinnixa spp.,.,decapod_crab,large_decapod,decapod_crab,decapod_crab,Pinnotheridae,Decapoda ,Malacostraca,#N/A,
Polyonyx gibbesi,.,decapod_crab,large_decapod,decapod_crab,decapod_crab,Porcellanidae,Decapoda ,Malacostraca,98083,
Rhithropanopeus harrisi,.,decapod_crab,large_decapod,decapod_crab,decapod_crab,Panopeidae,Decapoda ,Malacostraca,#N/A,
rhithropanopeus harrisii,.,decapod_crab,large_decapod,decapod_crab,decapod_crab,Panopeidae,Decapoda ,Malacostraca,,
Xanthidae,.,decapod_crab,large_decapod,decapod_crab,decapod_crab,Xanthidae,Decapoda ,Malacostraca,98748,
Alpheus heterochaelis,.,decapod_shrimp,large_decapod,decapod_shrimp,decapod_shrimp,Alpheidae ,Decapoda ,Malacostraca,96602,
Automate evermanni,.,decapod_shrimp,large_decapod,decapod_shrimp,decapod_shrimp,Alpheidae ,Decapoda ,Malacostraca,96679,
leptochela serratorbita,.,decapod_shrimp,large_decapod,decapod_shrimp,decapod_shrimp,Pasiphaeidae,Decapoda,Malacostraca,,
Ogyrides alphaerostris,.,decapod_shrimp,large_decapod,decapod_shrimp,decapod_shrimp,Ogyrididae ,Decapoda ,Malacostraca,96737,
Palaemonetes pugio,.,decapod_shrimp,large_decapod,decapod_shrimp,decapod_shrimp,Palaemonidae,Decapoda ,Malacostraca,96390,
Palaemonetes spp.,.,decapod_shrimp,large_decapod,decapod_shrimp,decapod_shrimp,Palaemonidae,Decapoda ,Malacostraca,#N/A,
Palaemonidae,.,decapod_shrimp,large_decapod,decapod_shrimp,decapod_shrimp,Palaemonidae,Decapoda ,Malacostraca,96213,
trachypenaeus constrictus,.,decapod_shrimp,large_decapod,decapod_shrimp,decapod_shrimp,Penaeidae,Decapoda,Malacostraca,,
Biffarius biformis,.,decapod_shrimp,large_decapod,decapod_shrimp,Infaunal_shrimp,Callianassidae ,Decapoda ,Malacostraca,#N/A,
Callianassa setimanus,.,decapod_shrimp,large_decapod,decapod_shrimp,Infaunal_shrimp,Callianassidae ,Decapoda ,Malacostraca,97760,
Upogebia affinis,.,decapod_shrimp,large_decapod,decapod_shrimp,Infaunal_shrimp,Upogebiidae,Decapoda ,Malacostraca,98209,
Squilla empusa,.,mantis_shrimp,large_decapod,decapod_shrimp,mantis_shrimp,Squillidae,Decapoda ,Malacostraca,99143,
arbacia punctulata,.,echinoderm,echinoderm,echinoderm,echinoderm,Arbaciidae,Arbacioida,Echinoidea,,
Echinoidea,.,.,echinoderm,echinoderm,echinoderm,.,.,.,157821,
Microphiopholis atra,.,starfish,echinoderm,echinoderm,echinoderm,Amphiuridae,Ophiurida,Ophiuroidea,#N/A,
Ophiuroidea,.,starfish,echinoderm,echinoderm,echinoderm,.,.,.,157325,
Acteocina canaliculata,Gastropod,gastropod,gastropod,Gastropods,gastropod,Acteocinidae,Cephalaspidea,Gastropoda,76117,
Amnicola limosa,Gastropod,gastropod,gastropod,Gastropods,gastropod,Amnicolidae,Cephalaspidea,Gastropoda,70748,
amnicola spp.,Gastropod,gastropod,gastropod,Gastropods,gastropod,Amnicolidae,Cephalaspidea,Gastropoda,,
Anachis avara,Gastropod,gastropod,gastropod,Gastropods,gastropod,Columbellidae,Neogastropoda,Gastropoda,73617,
Anachis obesa,Gastropod,gastropod,gastropod,Gastropods,gastropod,Columbellidae,Neogastropoda,Gastropoda,73622,
ancylidae,Gastropod,gastropod,gastropod,Gastropods,gastropod,Planorbidae,Planorboidea,Gastropoda,,
Astyris lunata,Gastropod,gastropod,gastropod,Gastropods,gastropod,Columbellidae,Neogastropoda,Gastropoda,#N/A,
basommatophora,Gastropod,gastropod,gastropod,Gastropods,gastropod,.,Basommatophora,Gastropoda,,
bellamya japonica,Gastropod,gastropod,gastropod,Gastropods,gastropod,Viviparidae,Architaenioglossa,Gastropoda,,
boonea impressa,Gastropod,gastropod,gastropod,Gastropods,gastropod,Pyramidellidae,Heterobranchia,Gastropoda,,
busycon canaliculatum,Gastropod,gastropod,gastropod,Gastropods,gastropod,Buccinidae,Neogastropoda,Gastropoda,,
busycon carica,Gastropod,gastropod,gastropod,Gastropods,gastropod,Buccinidae,Neogastropoda,Gastropoda,,
busycon spp.,Gastropod,gastropod,gastropod,Gastropods,gastropod,Buccinidae,Neogastropoda,Gastropoda,,
Caecum pulchellum,Gastropod,gastropod,gastropod,Gastropods,gastropod,Caecidae,Littorinimorpha ,Gastropoda,71380,
Campeloma decisum,Gastropod,gastropod,gastropod,Gastropods,gastropod,Viviparidae,Architaenioglossa,Gastropoda,70312,
cerithiopsis greeni,Gastropod,gastropod,gastropod,Gastropods,gastropod,Cerithiopsidae,Caenongastropoda,Gastropoda,,
cipangopaludina chinensis,Gastropod,gastropod,gastropod,Gastropods,gastropod,Viviparidae,Architaenioglossa,Gastropoda,,
Crassispira ostrearum,Gastropod,gastropod,gastropod,Gastropods,gastropod,Turridae    ,Neogastropoda,Gastropoda,74901,
cratena pilata,Gastropod,gastropod,gastropod,Gastropods,gastropod,Facelinidae,Heterobranchia,Gastropoda,,
Crepidula fornicata,Gastropod,gastropod,gastropod,Gastropods,gastropod,Calyptraeidae,Littorinimorpha ,Gastropoda,72623,
crepidula plana,Gastropod,gastropod,gastropod,Gastropods,gastropod,Calyptraeidae,Littorinimorpha ,Gastropoda,,
crepidula spp.,Gastropod,gastropod,gastropod,Gastropods,gastropod,Calyptraeidae,Littorinimorpha ,Gastropoda,,
Cylichnella bidentata,Gastropod,gastropod,gastropod,Gastropods,gastropod,Cylichnidae,Cephalaspidea,Gastropoda,76141,
Epitonium multistriatum,Gastropod,gastropod,gastropod,Gastropods,gastropod,Epitoniidae,Caenongastropoda,Gastropoda,72247,
Epitonium rupicola,Gastropod,gastropod,gastropod,Gastropods,gastropod,Epitoniidae,Caenongastropoda,Gastropoda,72249,
Epitonium spp.,Gastropod,gastropod,gastropod,Gastropods,gastropod,Epitoniidae,Caenongastropoda,Gastropoda,#N/A,
Ferrissia rivularis,Gastropod,gastropod,gastropod,Gastropods,gastropod,Ancylidae,Basommatophora,Gastropoda,76572,
ferrissia spp.,Gastropod,gastropod,gastropod,Gastropods,gastropod,Ancylidae,Basommatophora,Gastropoda,,
Gastropoda,Gastropod,gastropod,gastropod,Gastropods,gastropod,.,.,Gastropoda,69459,
Goniobasis virginica,Gastropod,gastropod,gastropod,Gastropods,gastropod,Pleuroceridae,,Gastropoda,71852,
Gyraulus spp.,Gastropod,gastropod,gastropod,Gastropods,gastropod,Planorbidae,,Gastropoda,#N/A,
Haminoea solitaria,Gastropod,gastropod,gastropod,Gastropods,gastropod,Haminoeidae,Cephalaspidea,Gastropoda,76258,
hydrobia spp.,Gastropod,gastropod,gastropod,Gastropods,gastropod,Hydrobiidae,Littorinimorpha,Gastropoda,,
Hydrobia truncata,Gastropod,gastropod,gastropod,Gastropods,gastropod,Hydrobiidae,Littorinimorpha,Gastropoda,70495,
Hydrobiidae,Gastropod,gastropod,gastropod,Gastropods,gastropod,Hydrobiidae,Littorinimorpha,Gastropoda,70493,
ilyanassa obsoleta,Gastropod,gastropod,gastropod,Gastropods,gastropod,Nassariidae,Neogastropoda,Gastropoda,,
Kurtziella atrostyla,Gastropod,gastropod,gastropod,Gastropods,gastropod,Mangeliidae,Neogastropoda,Gastropoda,74804,
Kurtziella cerina,Gastropod,gastropod,gastropod,Gastropods,gastropod,Mangeliidae,Neogastropoda,Gastropoda,74806,
laevapex fuscus,Gastropod,gastropod,gastropod,Gastropods,gastropod,Planorbidae,Planorboidea,Gastropoda,,
laevapex spp.,Gastropod,gastropod,gastropod,Gastropods,gastropod,Planorbidae,Planorboidea,Gastropoda,,
lioplax subcarinata,Gastropod,gastropod,gastropod,Gastropods,gastropod,Viviparidae,Architaenioglossa,Gastropoda,,
Littoridinops tenuipes,Gastropod,gastropod,gastropod,Gastropods,gastropod,Hydrobiidae,Littorinimorpha,Gastropoda,70528,
lymnaeidae,Gastropod,gastropod,gastropod,Gastropods,gastropod,Lymnaeidae,Heterobranchia,Gastropoda,,
Mangelia plicosa,Gastropod,gastropod,gastropod,Gastropods,gastropod,Mangeliidae,Neogastropoda,Gastropoda,74568,
Menetus dilatatus,Gastropod,gastropod,gastropod,Gastropods,gastropod,Planorboidea,Pulmonata,Gastropoda,205210,
Nassarius spp.,Gastropod,gastropod,gastropod,Gastropods,gastropod,Nassaridae,caenogastropoda,Gastropoda,#N/A,
Nassarius trivittatus,Gastropod,gastropod,gastropod,Gastropods,gastropod,Nassaridae,caenogastropoda,Gastropoda,74109,
Nassarius vibex,Gastropod,gastropod,gastropod,Gastropods,gastropod,Nassaridae,caenogastropoda,Gastropoda,74107,
naticidae,Gastropod,gastropod,gastropod,Gastropods,gastropod,Naticidae,Littorinimorpha,Gastropoda,,
Nudibranchia,Gastropod,gastropod,gastropod,Gastropods,gastropod,.,Nudibranchia,Gastropoda,78156,
Odostomia engonia,Gastropod,gastropod,gastropod,Gastropods,gastropod,Pyramidellidae,Heterostropha,Gastropoda,75504,
Odostomia spp.,Gastropod,gastropod,gastropod,Gastropods,gastropod,Pyramidellidae,Heterostropha,Gastropoda,#N/A,
physa spp.,Gastropod,gastropod,gastropod,Gastropods,gastropod,Physidae,Heterobranchia,Gastropoda,,
physella spp.,Gastropod,gastropod,gastropod,Gastropods,gastropod,Physidae,Heterobranchia,Gastropoda,,
planorbidae,Gastropod,gastropod,gastropod,Gastropods,gastropod,Planorbidae,Planorboidea,Gastropoda,,
pleurocera spp.,Gastropod,gastropod,gastropod,Gastropods,gastropod,Pleuroceridae,Cerithioidae,Gastropoda,,
Polinices duplicatus,Gastropod,gastropod,gastropod,Gastropods,gastropod,Naticidae,Littorinimorpha,Gastropoda,72918,
polinices spp.,Gastropod,gastropod,gastropod,Gastropods,gastropod,Naticidae,Littorinimorpha,Gastropoda,,
Prunum roscidum,Gastropod,gastropod,gastropod,Gastropods,gastropod,Marginellidae,Neogastropoda,Gastropoda,74409,
Pyramidellidae,Gastropod,gastropod,gastropod,Gastropods,gastropod,Pyramidellidae,Heterostropha,Gastropoda,75446,
Rictaxis punctostriatus,Gastropod,gastropod,gastropod,Gastropods,gastropod,Acteocinidae,Heterostropha,Gastropoda,76083,
Sayella chesapeakea,Gastropod,gastropod,gastropod,Gastropods,gastropod,Pyramidellidae,Heterostropha,Gastropoda,70946,
seila adamsi,Gastropod,gastropod,gastropod,Gastropods,gastropod,Cerithiopsidae,caenogastropoda,Gastropoda,,
skeneopsis planorbis,Gastropod,gastropod,gastropod,Gastropods,gastropod,Skeneopsidae,Littorinimorpha,Gastropoda,,
terebra dislocata,Gastropod,gastropod,gastropod,Gastropods,gastropod,Terebridae,Neogastropoda,Gastropoda,,
Turbonilla interrupta,Gastropod,gastropod,gastropod,Gastropods,gastropod,Pyramidellidae,Heterostropha,Gastropoda,75687,
Turbonilla spp.,Gastropod,gastropod,gastropod,Gastropods,gastropod,Pyramidellidae,Heterostropha,Gastropoda,#N/A,
turridae,Gastropod,gastropod,gastropod,Gastropods,gastropod,Turridae    ,Neogastropoda,Gastropoda,,
urosalpinx cinerea,Gastropod,gastropod,gastropod,Gastropods,gastropod,Muricidae,caenogastropoda,Gastropoda,,
valvata sincera,Gastropod,gastropod,gastropod,Gastropods,gastropod,Valvatidae,Valvatoidea,Gastropoda,,
valvata spp.,Gastropod,gastropod,gastropod,Gastropods,gastropod,Valvatidae,Valvatoidea,Gastropoda,,
viviparidae,Gastropod,gastropod,gastropod,Gastropods,gastropod,Viviparidae,caenogastropoda,Gastropoda,,
viviparus georgianus,Gastropod,gastropod,gastropod,Gastropods,gastropod,Viviparidae,caenogastropoda,Gastropoda,,
Doridella obscura,Gastropod,gastropod,gastropod,Gastropods,nudibranch,Corambidae,Nudibranchia,Gastropoda,78439,
Onchidoris aspersa,Gastropod,gastropod,gastropod,Gastropods,nudibranch,Onchidorididae,Nudibranchia,Gastropoda,78377,
Edwardsia elegans,.,gelatinous_zooplankton,gelatinous_zooplankton,gelatinous_zooplankton,cnidaria,Edwardsiidae,Actiniaria ,Anthozoa,52489,
holothuroidea,.,holothurian,holothurian,holothurian,holothurian,.,.,Holothuroidea,,
pentamera pulcherrima,.,holothurian,holothurian,holothurian,holothurian,Phyllophoridae,Dendrochirotida,Holothuroidea,,
thyonella pervicax,.,holothurian,holothurian,holothurian,holothurian,Cucumariidae,Dendrochirotida,Holothuroidea,,
ablabesmyia mallochi,.,insect,chironomid,insect,chironomid,Chironomidae,Diptera          ,Insecta       ,,
Ablabesmyia parajanta,.,insect,chironomid,insect,chironomid,Chironomidae,Diptera          ,Insecta       ,128112,
Ablabesmyia spp.,.,insect,chironomid,insect,chironomid,Chironomidae,Diptera          ,Insecta       ,#N/A,
axarus spp.,.,insect,chironomid,insect,chironomid,Chironomidae,Diptera          ,Insecta       ,,
Chironomidae,.,insect,chironomid,insect,chironomid,Chironomidae,Diptera          ,Insecta         ,127917,
Chironomidae pupae,.,insect,chironomid,insect,chironomid,Chironomidae,Diptera          ,Insecta         ,#N/A,
Chironomini,.,insect,chironomid,insect,chironomid,Chironomidae,Diptera          ,Insecta         ,129229,
Chironomus spp.,.,insect,chironomid,insect,chironomid,Chironomidae,Diptera          ,Insecta         ,#N/A,
Cladotanytarsus spp.,.,insect,chironomid,insect,chironomid,Chironomidae,Diptera          ,Insecta       ,#N/A,
cladotanytarsus spp. b epler,.,insect,chironomid,insect,chironomid,Chironomidae,Diptera          ,Insecta       ,#N/A,
cladotanytarsus viridiventris,.,insect,chironomid,insect,chironomid,Chironomidae,Diptera          ,Insecta       ,129877,
Clinotanypus pinguis,.,insect,chironomid,insect,chironomid,Chironomidae,Diptera          ,Insecta       ,127998,
Coelotanypus spp.,.,insect,chironomid,insect,chironomid,Chironomidae,Diptera          ,Insecta       ,#N/A,
cricotopus bicinctus,.,insect,chironomid,insect,chironomid,Chironomidae,Diptera          ,Insecta       ,,
Cricotopus sylvestris,.,insect,chironomid,insect,chironomid,Chironomidae,Diptera          ,Insecta       ,128645,
cricotopus/orthocladius grp.,.,insect,chironomid,insect,chironomid,Chironomidae,Diptera          ,Insecta       ,,
Cryptochironomus fulvus,.,insect,chironomid,insect,chironomid,Chironomidae,Diptera          ,Insecta       ,129376,
Cryptochironomus parafu,.,insect,chironomid,insect,chironomid,Chironomidae,Diptera          ,Insecta       ,#N/A,
cryptochironomus parafulvus,.,insect,chironomid,insect,chironomid,Chironomidae,Diptera          ,Insecta       ,,
Cryptochironomus spp.,.,insect,chironomid,insect,chironomid,Chironomidae,Diptera          ,Insecta       ,#N/A,
dicrotendipes neomodestus,.,insect,chironomid,insect,chironomid,Chironomidae,Diptera          ,Insecta       ,129452,
Dicrotendipes nervosus,.,insect,chironomid,insect,chironomid,Chironomidae,Diptera          ,Insecta       ,129452,
dicrotendipes spp.,.,insect,chironomid,insect,chironomid,Chironomidae,Diptera          ,Insecta       ,,
Epoicocladius spp.,.,insect,chironomid,insect,chironomid,Chironomidae         ,Diptera          ,Insecta       ,#N/A,
Glyptotendipes spp.,.,insect,chironomid,insect,chironomid,Chironomidae      ,Diptera          ,Insecta       ,#N/A,
kiefferulus spp.,.,insect,chironomid,insect,chironomid,Chironomidae,Diptera,Insecta,,
labrundinia spp.,.,insect,chironomid,insect,chironomid,Chironomidae,Diptera,Insecta,,
lipiniella spp.,.,insect,chironomid,insect,chironomid,Chironomidae,Diptera,Insecta,,
Nanocladius distinctus,.,insect,chironomid,insect,chironomid,Chironomidae          ,Diptera          ,Insecta       ,128853,
nanocladius spp.,.,insect,chironomid,insect,chironomid,Chironomidae          ,Diptera          ,Insecta       ,,
Natarsia spp.,.,insect,chironomid,insect,chironomid,Chironomidae        ,Diptera          ,Insecta       ,#N/A,
Orthocladiinae,.,insect,chironomid,insect,chironomid,Chironomidae    ,Diptera          ,Insecta       ,128457,
parachironomus spp.,.,insect,chironomid,insect,chironomid,Chironomidae,Diptera,Insecta,,
parametriocnemus spp.,.,insect,chironomid,insect,chironomid,Chironomidae,Diptera,Insecta,,
Polypedilum convictum,.,insect,chironomid,insect,chironomid,Chironomidae,Diptera          ,Insecta         ,129671,
Polypedilum halterale g,.,insect,chironomid,insect,chironomid,Chironomidae,Diptera          ,Insecta         ,#N/A,
polypedilum halterale group,.,insect,chironomid,insect,chironomid,Chironomidae,Diptera          ,Insecta         ,,
Polypedilum illinoense,.,insect,chironomid,insect,chironomid,Chironomidae,Diptera          ,Insecta         ,129686,
polypedilum illinoense group,.,insect,chironomid,insect,chironomid,Chironomidae,Diptera          ,Insecta         ,,
polypedilum scalaenum group,.,insect,chironomid,insect,chironomid,Chironomidae,Diptera          ,Insecta         ,,
polypedilum simulans/digitifer,.,insect,chironomid,insect,chironomid,Chironomidae,Diptera          ,Insecta         ,,
Polypedilum spp.,.,insect,chironomid,insect,chironomid,Chironomidae,Diptera          ,Insecta         ,#N/A,
Procladius spp.,.,insect,chironomid,insect,chironomid,Chironomidae      ,Diptera             ,Insecta       ,#N/A,
Procladius sublettei,.,insect,chironomid,insect,chironomid,Chironomidae      ,Diptera             ,Insecta       ,128316,
Pseudochironomus fulviv,.,insect,chironomid,insect,chironomid,Chironomidae,Diptera          ,Insecta         ,#N/A,
pseudochironomus fulviventris,.,insect,chironomid,insect,chironomid,Chironomidae,Diptera          ,Insecta         ,,
Rheotanytarsus spp.,.,insect,chironomid,insect,chironomid,Chironominae,Diptera             ,Insecta       ,#N/A,
Stictochironomus caffar,.,insect,chironomid,insect,chironomid,Chironomidae          ,Diptera             ,Insecta       ,#N/A,
stictochironomus caffarius,.,insect,chironomid,insect,chironomid,Chironomidae          ,Diptera             ,Insecta       ,,
Stictochironomus spp. g,.,insect,chironomid,insect,chironomid,Chironomidae          ,Diptera             ,Insecta       ,#N/A,
stictochironomus spp. group,.,insect,chironomid,insect,chironomid,Chironomidae          ,Diptera             ,Insecta       ,,
Tanypus neopunctipennis,.,insect,chironomid,insect,chironomid,Chironomidae          ,Diptera             ,Insecta       ,128329,
Tanypus spp.,.,insect,chironomid,insect,chironomid,Chironomidae          ,Diptera             ,Insecta       ,#N/A,
tanypus stellatus,.,insect,chironomid,insect,chironomid,Chironomidae          ,Diptera             ,Insecta       ,,
Tanytarsini,.,insect,chironomid,insect,chironomid,Chironomidae          ,Diptera             ,Insecta       ,129872,
Tanytarsus spp.,.,insect,chironomid,insect,chironomid,Chironomidae          ,Diptera             ,Insecta       ,#N/A,
Tanytarsus spp. G Epler,.,insect,chironomid,insect,chironomid,Chironomidae          ,Diptera             ,Insecta       ,#N/A,
Thienemannimyia group,.,insect,chironomid,insect,chironomid,Chironomidae          ,Diptera             ,Insecta       ,#N/A,
Xenochironomus spp.,.,insect,chironomid,insect,chironomid,Chironomidae,Diptera          ,Insecta          ,#N/A,
empididae,.,insect,insect,insect,insect,Empididae,Diptera          ,Insecta       ,,
acentria ephemerella,.,insect,insect,insect,insect,Crambidae,Lepidoptera,Insecta       ,,
Aeshna spp.,.,insect,insect,insect,insect,Aeshnidae,odonata     ,Insecta       ,#N/A,
agraylea spp.,.,insect,insect,insect,insect,Hydroptillidae ,Trichoptera,Insecta       ,,
baetidae,.,insect,insect,insect,insect,Baetidae,Ephemeroptera,Insecta       ,,
baetis spp.,.,insect,insect,insect,insect,Baetidae,Ephemeroptera,Insecta       ,,
Bezzia spp.,.,insect,insect,insect,insect,Ceratopogonidae,Diptera          ,Insecta       ,#N/A,
Caenis spp.,.,insect,insect,insect,insect,Caenidae,Ephemeroptera,Insecta       ,#N/A,
Ceratopogonidae,.,insect,insect,insect,insect,Ceratopogonidae,Diptera          ,Insecta       ,127076,
cernotina spp.,.,insect,insect,insect,insect,Polycentropodidae,Trichoptera,Insecta,,
chaoborus albatus,.,insect,insect,insect,insect,Chaoboridae,Diptera          ,Insecta       ,125905,
Chaoborus punctipennis,.,insect,insect,insect,insect,Chaoboridae,Diptera          ,Insecta       ,125923,
Chaoborus spp.,.,insect,insect,insect,insect,Chaoboridae,Diptera          ,Insecta       ,#N/A,
coenagrionidae,.,insect,insect,insect,insect,Coenagrionoidea,odonata     ,Insecta,,
culicidae,.,insect,insect,insect,insect,Culicidae,Diptera          ,Insecta       ,,
curculionidae,.,insect,insect,insect,insect,Curculionidae,Coleoptera,Insecta,,
cyrnellus fraternus,.,insect,insect,insect,insect,Polycentropodidae,Trichoptera,Insecta,,
cyrnellus spp.,.,insect,insect,insect,insect,Polycentropodidae,Trichoptera,Insecta,,
Dromogomphus armatus,.,insect,insect,insect,insect,Gomphidae,odonata     ,Insecta       ,101731,
Dubiraphia spp.,.,insect,insect,insect,insect,Elmidae       ,Coleoptera,Insecta       ,#N/A,
Elmidae,.,insect,insect,insect,insect,Elmidae       ,Coleoptera,Insecta       ,114093,
Enallagma spp.,.,insect,insect,insect,insect,Coenagriionidae,odonata     ,Insecta       ,#N/A,
ephemeroptera,.,insect,insect,insect,insect,.,Ephemeroptera,Insecta,,
Gomphidae,.,insect,insect,insect,insect,Gomphidae       ,odonata     ,Insecta       ,101664,
gomphus spp.,.,insect,insect,insect,insect,Gomphidae       ,odonata     ,Insecta       ,,
hexagenia limbata,.,insect,insect,insect,insect,Ephemeidae       ,Ephemeroptera,Insecta       ,,
Hexagenia spp.,.,insect,insect,insect,insect,Ephemeidae       ,Ephemeroptera,Insecta       ,#N/A,
hydroporini spp.,.,insect,insect,insect,insect,Dytiscidae,Coleoptera,Insecta,,
Hydroptila spp.,.,insect,insect,insect,insect,Hydroptillidae ,Trichoptera,Insecta       ,#N/A,
Hydroptilidae,.,insect,insect,insect,insect,Hydroptillidae ,Trichoptera,Insecta       ,115629,
leptoceridae,.,insect,insect,insect,insect,Leptoceridae,Trichoptera,Insecta,,
liodessus flavicollis,.,insect,insect,insect,insect,Dytiscidae,Coleoptera,Insecta,,
mallochohelea spp.,.,insect,insect,insect,insect,Ceratopogonidae,Diptera,Insecta,,
nectopsyche spp.,.,insect,insect,insect,insect,Leptoceridae,Trichoptera,Insecta,,
odonata,.,insect,insect,insect,insect,.,odonata     ,Insecta,,
oecetis cf. parva,.,insect,insect,insect,insect, Leptoceridae         ,Trichoptera,Insecta       ,,
oecetis conspicua,.,insect,insect,insect,insect, Leptoceridae         ,Trichoptera,Insecta       ,,
oecetis furva group,.,insect,insect,insect,insect, Leptoceridae         ,Trichoptera,Insecta       ,,
Oecetis inconspicua,.,insect,insect,insect,insect, Leptoceridae         ,Trichoptera,Insecta       ,116613,
Oecetis spp.,.,insect,insect,insect,insect, Leptoceridae         ,Trichoptera,Insecta       ,#N/A,
Optioservus spp.,.,insect,insect,insect,insect,Elmidae               ,Coleoptera,Insecta       ,#N/A,
orthotrichia spp.,.,insect,insect,insect,insect,Hydroptillidae ,Trichoptera,Insecta,,
Palpomyia spp.,.,insect,insect,insect,insect,Ceratopogonidae          ,Diptera          ,Insecta       ,#N/A,
Probezzia spp.,.,insect,insect,insect,insect,Ceratopogonidae         Diptera,Diptera             ,Insecta       ,#N/A,
sialis spp.,.,insect,insect,insect,insect,Sialidae,Megaloptera,Insecta,,
stenelmis crenata,.,insect,insect,insect,insect,Elmidae              ,Coleoptera,Insecta       ,,
Stenelmis spp.,.,insect,insect,insect,insect,Elmidae              ,Coleoptera,Insecta       ,#N/A,
Trichoptera,.,insect,insect,insect,insect,.              ,Trichoptera,Insecta       ,115095,
Limulus polyphemus,.,horseshoe_crab,large_crustacean,large_crustacean,horseshoe crab,Limulidae,Xiphosura,Merostomata,82703,
acanthohaustorius intermedius,Small_crust,amphipods,amphipods,small_crust,amphipods_isopods,Haustoriidae ,Amphipoda,Malacostraca,,
acanthohaustorius millsi,Small_crust,amphipods,amphipods,small_crust,amphipods_isopods,Haustoriidae ,Amphipoda,Malacostraca,,
americhelidium americanum,Small_crust,amphipods,amphipods,small_crust,amphipods_isopods,Oedicerotidae,Amphipoda,Malacostraca,,
Ameroculodes species co,Small_crust,amphipods,amphipods,small_crust,amphipods_isopods,Oedicerotidae,Amphipoda,Malacostraca,#N/A,
ameroculodes species complex,Small_crust,amphipods,amphipods,small_crust,amphipods_isopods,Oedicerotidae,Amphipoda,Malacostraca,#N/A,
Ampelisca abdita,Small_crust,amphipods,amphipods,small_crust,amphipods_isopods,Ampeliscidae,Amphipoda,Malacostraca,93329,
Ampelisca spp.,Small_crust,amphipods,amphipods,small_crust,amphipods_isopods,Ampeliscidae,Amphipoda,Malacostraca,#N/A,
ampelisca vadorum,Small_crust,amphipods,amphipods,small_crust,amphipods_isopods,Ampeliscidae,Amphipoda,Malacostraca,,
Ampelisca verrilli,Small_crust,amphipods,amphipods,small_crust,amphipods_isopods,Ampeliscidae,Amphipoda,Malacostraca,93331,
amphipoda,Small_crust,amphipods,amphipods,small_crust,amphipods_isopods,.,Amphipoda,Malacostraca,,
ampithoe longimana,Small_crust,amphipods,amphipods,small_crust,amphipods_isopods,Ampithoidae,Amphipoda,Malacostraca,,
Ampithoe valida,Small_crust,amphipods,amphipods,small_crust,amphipods_isopods,Ampithoidae,Amphipoda,Malacostraca,93424,
ampithoidae,Small_crust,amphipods,amphipods,small_crust,amphipods_isopods,Ampithoidae,Amphipoda,Malacostraca,,
Apocorophium acutum,Small_crust,amphipods,amphipods,small_crust,amphipods_isopods,Corophioidea,Amphipoda,Malacostraca,#N/A,
Apocorophium lacustre,Small_crust,amphipods,amphipods,small_crust,amphipods_isopods,Corophioidea,Amphipoda,Malacostraca,#N/A,
Apocorophium simile,Small_crust,amphipods,amphipods,small_crust,amphipods_isopods,Corophioidea,Amphipoda,Malacostraca,#N/A,
apocorophium spp.,Small_crust,amphipods,amphipods,small_crust,amphipods_isopods,Corophioidea,Amphipoda,Malacostraca,,
Batea catharinensis,Small_crust,amphipods,amphipods,small_crust,amphipods_isopods,Bateidea      ,Amphipoda,Malacostraca,93528,
bathyporeia parkeri,Small_crust,amphipods,amphipods,small_crust,amphipods_isopods,Bathyporeiidae,Amphipoda,Malacostraca,,
Caprella equilibra,Small_crust,amphipods,amphipods,small_crust,amphipods_isopods,Caprellidae,Amphipoda,Malacostraca,95410,
Caprella penantis,Small_crust,amphipods,amphipods,small_crust,amphipods_isopods,Caprellidae,Amphipoda,Malacostraca,95419,
Cerapus tubularis,Small_crust,amphipods,amphipods,small_crust,amphipods_isopods,Ischyroceridae,Amphipoda,Malacostraca,93587,
Corophium spp.,Small_crust,amphipods,amphipods,small_crust,amphipods_isopods,Corophiidae,Amphipoda,Malacostraca,#N/A,
Crangonyx spp.,Small_crust,amphipods,amphipods,small_crust,amphipods_isopods,Crangonyctidae,Amphipoda,Malacostraca,#N/A,
cymadusa compta,Small_crust,amphipods,amphipods,small_crust,amphipods_isopods,Ampithoidae,Amphipoda,Malacostraca,,
dulichiella appendiculata,Small_crust,amphipods,amphipods,small_crust,amphipods_isopods,Melitidae ,Amphipoda,Malacostraca,,
Elasmopus laevis,Small_crust,amphipods,amphipods,small_crust,amphipods_isopods,Maeridae  ,Amphipoda,Malacostraca,93761,
eobrolgus spinosus,Small_crust,amphipods,amphipods,small_crust,amphipods_isopods,Phoxocephallidae,Amphipoda,Malacostraca,,
Ericthonius brasiliensi,Small_crust,amphipods,amphipods,small_crust,amphipods_isopods,Ischyroceridae,Amphipoda,Malacostraca,#N/A,
ericthonius brasiliensis,Small_crust,amphipods,amphipods,small_crust,amphipods_isopods,Ischyroceridae,Amphipoda,Malacostraca,,
Gammarus daiberi,Small_crust,amphipods,amphipods,small_crust,amphipods_isopods,Gammaridae,Amphipoda,Malacostraca,93779,
Gammarus fasciatus,Small_crust,amphipods,amphipods,small_crust,amphipods_isopods,Gammaridae,Amphipoda,Malacostraca,93780,
Gammarus palustris,Small_crust,amphipods,amphipods,small_crust,amphipods_isopods,Gammaridae,Amphipoda,Malacostraca,93782,
Gammarus spp.,Small_crust,amphipods,amphipods,small_crust,amphipods_isopods,Gammaridae,Amphipoda,Malacostraca,#N/A,
gammarus tigrinus,Small_crust,amphipods,amphipods,small_crust,amphipods_isopods,Gammaridae,Amphipoda,Malacostraca,,
gitanopsis spp.,Small_crust,amphipods,amphipods,small_crust,amphipods_isopods,Amphilochidae,Amphipoda,Malacostraca,,
Grandidierella spp.,Small_crust,amphipods,amphipods,small_crust,amphipods_isopods,Aoridae     ,Amphipoda,Malacostraca,#N/A,
hyalella azteca,Small_crust,amphipods,amphipods,small_crust,amphipods_isopods,Hyalellidae,Amphipoda,Malacostraca,,
Jassa falcata,Small_crust,amphipods,amphipods,small_crust,amphipods_isopods,Ischyroceridae,Amphipoda,Malacostraca,94171,
lembos smithi,Small_crust,amphipods,amphipods,small_crust,amphipods_isopods,Aoridae     ,Amphipoda,Malacostraca,,
Lepidactylus dytiscus,Small_crust,amphipods,amphipods,small_crust,amphipods_isopods,Haustoriidae,Amphipoda,Malacostraca,93998,
Leptocheirus plumulosus,Small_crust,amphipods,amphipods,small_crust,amphipods_isopods,Corophiidae,Amphipoda,Malacostraca,93486,
Leucothoidae,Small_crust,amphipods,amphipods,small_crust,amphipods_isopods,Leucothoidae,Amphipoda,Malacostraca,94196,
Listriella barnardi,Small_crust,amphipods,amphipods,small_crust,amphipods_isopods,Liljeborgiidae,Amphipoda,Malacostraca,94213,
Listriella bowenae,Small_crust,amphipods,amphipods,small_crust,amphipods_isopods,Liljeborgiidae,Amphipoda,Malacostraca,#N/A,
Listriella clymenellae,Small_crust,amphipods,amphipods,small_crust,amphipods_isopods,Liljeborgiidae,Amphipoda,Malacostraca,94214,
Listriella smithi,Small_crust,amphipods,amphipods,small_crust,amphipods_isopods,Liljeborgiidae,Amphipoda,Malacostraca,#N/A,
Listriella spp.,Small_crust,amphipods,amphipods,small_crust,amphipods_isopods,Liljeborgiidae,Amphipoda,Malacostraca,#N/A,
Melita nitida,Small_crust,amphipods,amphipods,small_crust,amphipods_isopods,Melitidae ,Amphipoda,Malacostraca,93812,
melita spp.,Small_crust,amphipods,amphipods,small_crust,amphipods_isopods,Melitidae ,Amphipoda,Malacostraca,,
mellita quinquiesperforata,Small_crust,amphipods,amphipods,small_crust,amphipods_isopods,Melitidae ,Amphipoda,Malacostraca,,
microdeutopus gryllotalpa,Small_crust,amphipods,amphipods,small_crust,amphipods_isopods,Aoridae     ,Amphipoda,Malacostraca,,
Microprotopus raneyi,Small_crust,amphipods,amphipods,small_crust,amphipods_isopods,Isaeidae      ,Amphipoda,Malacostraca,94122,
Monocorophium acherusic,Small_crust,amphipods,amphipods,small_crust,amphipods_isopods,Corophiidae,Amphipoda,Malacostraca,#N/A,
monocorophium acherusicum,Small_crust,amphipods,amphipods,small_crust,amphipods_isopods,Corophiidae,Amphipoda,Malacostraca,,
Monocorophium insidiosu,Small_crust,amphipods,amphipods,small_crust,amphipods_isopods,Corophiidae,Amphipoda,Malacostraca,#N/A,
monocorophium insidiosum,Small_crust,amphipods,amphipods,small_crust,amphipods_isopods,Corophiidae,Amphipoda,Malacostraca,,
Monocorophium tubercula,Small_crust,amphipods,amphipods,small_crust,amphipods_isopods,Corophiidae,Amphipoda,Malacostraca,#N/A,
monocorophium tuberculatum,Small_crust,amphipods,amphipods,small_crust,amphipods_isopods,Corophiidae,Amphipoda,Malacostraca,,
Mucrogammarus mucronatu,Small_crust,amphipods,amphipods,small_crust,amphipods_isopods,Gammaridae,Amphipoda,Malacostraca,#N/A,
mucrogammarus mucronatus,Small_crust,amphipods,amphipods,small_crust,amphipods_isopods,Gammaridae,Amphipoda,Malacostraca,,
Paracaprella tenuis,Small_crust,amphipods,amphipods,small_crust,amphipods_isopods,Caprellidae,Amphipoda,Malacostraca,95434,
parahaustorius longimerus,Small_crust,amphipods,amphipods,small_crust,amphipods_isopods,Haustoriidae,Amphipoda,Malacostraca,,
Parametopella cypris,Small_crust,amphipods,amphipods,small_crust,amphipods_isopods,Stenothoidae,Amphipoda,Malacostraca,94927,
Photis pollex,Small_crust,amphipods,amphipods,small_crust,amphipods_isopods,Photidae   ,Amphipoda,Malacostraca,94078,
photis reinhardi,Small_crust,amphipods,amphipods,small_crust,amphipods_isopods,Photidae   ,Amphipoda,Malacostraca,,
photis spp.,Small_crust,amphipods,amphipods,small_crust,amphipods_isopods,Photidae   ,Amphipoda,Malacostraca,,
Pleusymtes glaber,Small_crust,amphipods,amphipods,small_crust,amphipods_isopods,Pleustidae,Amphipoda,Malacostraca,94797,
protohaustorius deichmannae,Small_crust,amphipods,amphipods,small_crust,amphipods_isopods,Haustoriidae,Amphipoda,Malacostraca,,
protohaustorius wigleyi,Small_crust,amphipods,amphipods,small_crust,amphipods_isopods,Haustoriidae,Amphipoda,Malacostraca,,
pseudohaustorius caroliniensis,Small_crust,amphipods,amphipods,small_crust,amphipods_isopods,Haustoriidae,Amphipoda,Malacostraca,,
Rhepoxynius epistomus,Small_crust,amphipods,amphipods,small_crust,amphipods_isopods,Phoxocephallidae,Amphipoda,Malacostraca,94728,
stenopleustes gracilis,Small_crust,amphipods,amphipods,small_crust,amphipods_isopods,Pleustidae,Amphipoda,Malacostraca,,
Stenothoe minuta,Small_crust,amphipods,amphipods,small_crust,amphipods_isopods,Stenothoidae,Amphipoda,Malacostraca,94936,
stenothoe spp.,Small_crust,amphipods,amphipods,small_crust,amphipods_isopods,Stenothoidae,Amphipoda,Malacostraca,,
Unciola dissimilis,Small_crust,amphipods,amphipods,small_crust,amphipods_isopods,Unciolidae,Amphipoda,Malacostraca,93635,
Unciola irrorata,Small_crust,amphipods,amphipods,small_crust,amphipods_isopods,Unciolidae,Amphipoda,Malacostraca,93632,
Unciola serrata,Small_crust,amphipods,amphipods,small_crust,amphipods_isopods,Unciolidae,Amphipoda,Malacostraca,93633,
unciola spp.,Small_crust,amphipods,amphipods,small_crust,amphipods_isopods,Unciolidae,Amphipoda,Malacostraca,,
Aegathoa medialis,Small_crust,isopods,isopods,small_crust,amphipods_isopods,Cymothoidae  ,Isopoda         ,Malacostraca,92440,
ancinus depressus,Small_crust,isopods,isopods,small_crust,amphipods_isopods,Ancinidae,Isopoda         ,Malacostraca,,
asellus spp.,Small_crust,isopods,isopods,small_crust,amphipods_isopods,Asellidae,Isopoda         ,Malacostraca,,
Cassidinidea ovalis,Small_crust,isopods,isopods,small_crust,amphipods_isopods,Sphaeromatidea         ,Isopoda         ,Malacostraca,92348,
Chiridotea almyra,Small_crust,isopods,isopods,small_crust,amphipods_isopods,Chaetilidae        ,Isopoda         ,Malacostraca,92638,
Chiridotea arenicola,Small_crust,isopods,isopods,small_crust,amphipods_isopods,Chaetilidae        ,Isopoda         ,Malacostraca,92639,
Chiridotea caeca,Small_crust,isopods,isopods,small_crust,amphipods_isopods,Chaetilidae        ,Isopoda         ,Malacostraca,92641,
Chiridotea nigrescens,Small_crust,isopods,isopods,small_crust,amphipods_isopods,Chaetilidae        ,Isopoda         ,Malacostraca,92642,
chiridotea spp.,Small_crust,isopods,isopods,small_crust,amphipods_isopods,Chaetilidae        ,Isopoda         ,Malacostraca,92642,
cyathura burbancki,Small_crust,isopods,isopods,small_crust,amphipods_isopods,Anthuridae      ,Isopoda         ,Malacostraca,,
Cyathura polita,Small_crust,isopods,isopods,small_crust,amphipods_isopods,Anthuridae      ,Isopoda         ,Malacostraca,92149,
Cyathura spp.,Small_crust,isopods,isopods,small_crust,amphipods_isopods,Anthuridae      ,Isopoda         ,Malacostraca,#N/A,
Edotea triloba,Small_crust,isopods,isopods,small_crust,amphipods_isopods,Idoteidae   ,Isopoda         ,Malacostraca,92627,
Erichsonella attenuata,Small_crust,isopods,isopods,small_crust,amphipods_isopods,Idoteidae   ,Isopoda         ,Malacostraca,92618,
Erichsonella filiformis,Small_crust,isopods,isopods,small_crust,amphipods_isopods,Idoteidae   ,Isopoda         ,Malacostraca,92619,
exosphaeroma spp.,Small_crust,isopods,isopods,small_crust,amphipods_isopods,Sphaeromatidae,Isopoda         ,Malacostraca,,
idotea balthica,Small_crust,isopods,isopods,small_crust,amphipods_isopods,Idoteidae   ,Isopoda         ,Malacostraca,,
idotea spp.,Small_crust,isopods,isopods,small_crust,amphipods_isopods,Idoteidae   ,Isopoda         ,Malacostraca,,
Idoteidae,Small_crust,isopods,isopods,small_crust,amphipods_isopods,Idoteidae   ,Isopoda         ,Malacostraca,92564,
paracerceis caudata,Small_crust,isopods,isopods,small_crust,amphipods_isopods,Sphaeromatidae,Isopoda         ,Malacostraca,,
Ptilanthura tenuis,Small_crust,isopods,isopods,small_crust,amphipods_isopods,Anthuridae       ,Isopoda         ,Malacostraca,92155,
sphaeroma quadridentatum,Small_crust,isopods,isopods,small_crust,amphipods_isopods,Sphaeromatidae,Isopoda         ,Malacostraca,,
synidotea laevidorsalis,Small_crust,isopods,isopods,small_crust,amphipods_isopods,Idoteidae     ,Isopoda         ,Malacostraca,,
Synidotea laticauda,Small_crust,isopods,isopods,small_crust,amphipods_isopods,Idoteidae     ,Isopoda         ,Malacostraca,92581,
Synidotea spp.,Small_crust,isopods,isopods,small_crust,amphipods_isopods,Idoteidae     ,Isopoda         ,Malacostraca,#N/A,
Crangon septemspinosa,Small_crust,sand_shrimp,small_crust,small_crust,sand_shrimp,Crangonidae,Decapoda ,Malacostraca,97110,
Almyracuma proximoculi,Small_crust,cumacean,small_crust,small_crust,cumacean,Nannastacidae,Cumacea,Malacostraca,90979,
Cyclaspis varians,Small_crust,cumacean,small_crust,small_crust,cumacean,Bodotriidae,Cumacea,Malacostraca,91033,
diastylis polita,Small_crust,cumacean,small_crust,small_crust,cumacean,Diastylidae,Cumacea,Malacostraca,,
Leucon americanus,Small_crust,cumacean,small_crust,small_crust,cumacean,Leuconidae,Cumacea,Malacostraca,90790,
mancocuma stellifera,Small_crust,cumacean,small_crust,small_crust,cumacean,Bodotriidae,Cumacea,Malacostraca,,
Oxyurostylis smithi,Small_crust,cumacean,small_crust,small_crust,cumacean,Diastylidae,Cumacea,Malacostraca,90923,
Pseudoleptocuma minor,Small_crust,cumacean,small_crust,small_crust,cumacean,Bodotriidae,Cumacea,Malacostraca,91040,
Americamysis almyra,Small_crust,mysids,small_crust,small_crust,mysid,Mysidae  ,Mysida        ,Malacostraca,#N/A,
Americamysis bigelowi,Small_crust,mysids,small_crust,small_crust,mysid,Mysidae  ,Mysida        ,Malacostraca,#N/A,
Americamysis spp.,Small_crust,mysids,small_crust,small_crust,mysid,Mysidae  ,Mysida        ,Malacostraca,#N/A,
Mysidae,Small_crust,mysids,small_crust,small_crust,mysid,Mysidae  ,Mysida        ,Malacostraca,89856,
Neomysis americana,Small_crust,mysids,small_crust,small_crust,mysid,Mysidae  ,Mysida        ,Malacostraca,90062,
Hargeria rapax,Small_crust,tanaidae,small_crust,small_crust,tanaidae,Leptocheliidae,Tanaidacea,Malacostraca,92068,
leptochelia dubia,Small_crust,tanaidae,small_crust,small_crust,tanaidae,Leptocheliidae,Tanaidacea,Malacostraca,,
Leptognathia caeca,Small_crust,tanaidae,small_crust,small_crust,tanaidae,Leptocheliidae,Tanaidacea,Malacostraca,91757,
Leptosynapta tenuis,Small_crust,tanaidae,small_crust,small_crust,tanaidae,Leptocheliidae,Tanaidacea,Malacostraca,158432,
Tanaidacea,Small_crust,tanaidae,small_crust,small_crust,tanaidae,Tanaidae,Tanaidacea,Malacostraca,91061,
urnatella gracilis,.,tube_like_taxa,tube_like_taxa,tube_like_taxa,Entroprocta,Barentsiidae,.,.,,
ascidiacea,.,tunicate,tunicate,tunicate,tunicate,.,.,Ascidiacea,,
Molgula lutulenta,.,tunicate,tunicate,tunicate,tunicate,Mogulidae,Stolidobranchia,Ascidiacea,159581,
Molgula manhattensis,.,tunicate,tunicate,tunicate,tunicate,Mogulidae,Stolidobranchia,Ascidiacea,159557,
Balanoglossus aurantiac,.,worm_like_taxa,worm_like_taxa,worm_like_taxa,hemichordate,Ptychoderidae,Enteropneusta,Enteropneusta,#N/A,
balanoglossus aurantiacus,.,worm_like_taxa,worm_like_taxa,worm_like_taxa,hemichordate,Ptychoderidae,Enteropneusta,Enteropneusta,,
Hemichordata,.,worm_like_taxa,worm_like_taxa,worm_like_taxa,hemichordate,.,Enteropneusta,Enteropneusta,158616,
Saccoglossus kowalevski,.,worm_like_taxa,worm_like_taxa,worm_like_taxa,hemichordate,Harrimaniidae,Enteropneusta,Enteropneusta,#N/A,
saccoglossus kowalevskii,.,worm_like_taxa,worm_like_taxa,worm_like_taxa,hemichordate,Harrimaniidae,Enteropneusta,Enteropneusta,,
Amphiporus bioculatus,Nemertean,nemertean,nemertean,worms,nemertean,Amphiporidae,Monostilifera,Enopla              ,57533,
Carinoma tremaphoros,Nemertean,nemertean,nemertean,worms,nemertean,Carinomidae  ,Paleonemertea,Anopla         ,57429,
carinomella lactea,Nemertean,nemertean,nemertean,worms,nemertean,carinomellidae,Paleonemertea,Nemertea,,
Micrura leidyi,Nemertean,nemertean,nemertean,worms,nemertean,Lineidae,Monostilifera,Enopla         ,57477,
Nemertina,Nemertean,nemertean,nemertean,worms,nemertean,.                          ,.                       ,.                          ,#N/A,
prostoma rubrum,Nemertean,nemertean,nemertean,worms,nemertean,Tetrastemmatidae,Hoplonemertea,Nemertea,,
Arcteonais lomondi,Oligocheate,oligocheate,oligocheate,worms,oligocheate,Naididae     ,Tubificida,Oligochaeta,68976,
Aulodrilus pigueti,Oligocheate,oligocheate,oligocheate,worms,oligocheate,Naididae     ,Tubificida,Oligochaeta,68680,
Bothrioneurum vejdovsky,Oligocheate,oligocheate,oligocheate,worms,oligocheate,Naididae     ,Tubificida,Oligochaeta,#N/A,
bothrioneurum vejdovskyanum,Oligocheate,oligocheate,oligocheate,worms,oligocheate,Naididae     ,Tubificida,Oligochaeta,#N/A,
branchiodrilus spp.,Oligocheate,oligocheate,oligocheate,worms,oligocheate,Naididae     ,Tubificida,Oligochaeta,,
Branchiura sowerbyi,Oligocheate,oligocheate,oligocheate,worms,oligocheate,Naididae     ,Tubificida,Oligochaeta,68621,
bratislavia unidentata,Oligocheate,oligocheate,oligocheate,worms,oligocheate,Naididae     ,Tubificida,Oligochaeta,.,
Dero spp.,Oligocheate,oligocheate,oligocheate,worms,oligocheate,Naididae     ,Tubificida,Oligochaeta,#N/A,
Enchytraeidae,Oligocheate,oligocheate,oligocheate,worms,oligocheate,Enchytraeidae,Tubificida,Oligochaeta,68510,
Harnischia spp.,Oligocheate,oligocheate,oligocheate,worms,oligocheate,Chironomidea,Diptera     ,Insecta,#N/A,
Ilyodrilus templetoni,Oligocheate,oligocheate,oligocheate,worms,oligocheate,Naididae     ,Tubificida,Oligochaeta,68662,
Isochaetides freyi,Oligocheate,oligocheate,oligocheate,worms,oligocheate,Naididae     ,Tubificida,Oligochaeta,68810,
Limnodrilus cervix,Oligocheate,oligocheate,oligocheate,worms,oligocheate,Naididae     ,Tubificida,Oligochaeta,68652,
Limnodrilus hoffmeister,Oligocheate,oligocheate,oligocheate,worms,oligocheate,Naididae     ,Tubificida,Oligochaeta,#N/A,
limnodrilus hoffmeisteri,Oligocheate,oligocheate,oligocheate,worms,oligocheate,Naididae     ,Tubificida,Oligochaeta,,
limnodrilus spp.,Oligocheate,oligocheate,oligocheate,worms,oligocheate,Naididae     ,Tubificida,Oligochaeta,,
Limnodrilus udekemianus,Oligocheate,oligocheate,oligocheate,worms,oligocheate,Naididae     ,Tubificida,Oligochaeta,68644,
lumbriculidae,Oligocheate,oligocheate,oligocheate,worms,oligocheate,Lumbriculidae,Lumbriculida,Clitellata    ,,
Nais communis,Oligocheate,oligocheate,oligocheate,worms,oligocheate,Tubificidae,Tubificida,Oligochaeta,68950,
Nais simplex,Oligocheate,oligocheate,oligocheate,worms,oligocheate,Tubificidae,Tubificida,Oligochaeta,68957,
Nais spp.,Oligocheate,oligocheate,oligocheate,worms,oligocheate,Tubificidae,Tubificida,Oligochaeta,#N/A,
Nais variabilis,Oligocheate,oligocheate,oligocheate,worms,oligocheate,Tubificidae,Tubificida,Oligochaeta,68959,
Oligochaeta,Oligocheate,oligocheate,oligocheate,worms,oligocheate,.,.,Oligochaeta,68422,
Paranais frici,Oligocheate,oligocheate,oligocheate,worms,oligocheate,Naididae     ,Tubificida,Oligochaeta,68865,
Paranais litoralis,Oligocheate,oligocheate,oligocheate,worms,oligocheate,Naididae     ,Tubificida,Oligochaeta,68863,
paranais spp.,Oligocheate,oligocheate,oligocheate,worms,oligocheate,Naididae     ,Tubificida,Oligochaeta,,
potamothrix vejdovskyi,Oligocheate,oligocheate,oligocheate,worms,oligocheate,Naididae     ,Clitellata,Oligochaeta,,
pristina osborni,Oligocheate,oligocheate,oligocheate,worms,oligocheate,Naididae     ,Clitellata,Oligochaeta,,
Pristinella osborni,Oligocheate,oligocheate,oligocheate,worms,oligocheate,Naididae     ,Tubificida,Oligochaeta,69026,
Quistadrilus multisetos,Oligocheate,oligocheate,oligocheate,worms,oligocheate,Naididae     ,Tubificida,Oligochaeta,#N/A,
quistadrilus multisetosus,Oligocheate,oligocheate,oligocheate,worms,oligocheate,Naididae     ,Tubificida,Oligochaeta,,
stephensoniana spp.,Oligocheate,oligocheate,oligocheate,worms,oligocheate,Naididae     ,Tubificida,Oligochaeta,,
stylaria lacustris,Oligocheate,oligocheate,oligocheate,worms,oligocheate,Naididae     ,Tubificida,Oligochaeta,,
tubifex spp.,Oligocheate,oligocheate,oligocheate,worms,oligocheate,Naididae     ,Tubificida,Oligochaeta,,
tubificidae,Oligocheate,oligocheate,oligocheate,worms,oligocheate,Naididae     ,Tubificida,Oligochaeta,,
Tubificidae imm. with c,Oligocheate,oligocheate,oligocheate,worms,oligocheate,Naididae     ,Tubificida,Oligochaeta,#N/A,
tubificidae imm. with capilliform chaetae,Oligocheate,oligocheate,oligocheate,worms,oligocheate,Naididae     ,Tubificida,Oligochaeta,,
Tubificidae imm. withou,Oligocheate,oligocheate,oligocheate,worms,oligocheate,Naididae     ,Tubificida,Oligochaeta,#N/A,
tubificidae imm. without capilliform chaetae,Oligocheate,oligocheate,oligocheate,worms,oligocheate,Naididae     ,Tubificida,Oligochaeta,,
Tubificoides spp.,Oligocheate,oligocheate,oligocheate,worms,oligocheate,Naididae     ,Tubificida,Oligochaeta,#N/A,
uncinais uncinata,Oligocheate,oligocheate,oligocheate,worms,oligocheate,Naididae     ,Tubificida,Oligochaeta,,
dugesia spp.,.,flatworm,other_worms,worms,flatworm,Dugesiidae,Tricladida,Rhabditophora,,
dugesia tigrina,.,flatworm,other_worms,worms,flatworm,Dugesiidae,Tricladida,Rhabditophora,,
Euplana gracilis,.,flatworm,other_worms,worms,flatworm,Euplanidae,Polycladida,Rhabditophora,54139,
girardia tigrina,.,flatworm,other_worms,worms,flatworm,Dugesiidae,Tricladida,Rhabditophora,,
neorhabdocela,.,flatworm,other_worms,worms,flatworm,.,.,Rhabdocoela,,
Stylochus ellipticus,.,flatworm,other_worms,worms,flatworm,Stylochidae,Polycladida,Trepaxonemata,54089,
Turbellaria,.,flatworm,other_worms,worms,flatworm,.,.,.,53964,
Echiura,.,other_worms,other_worms,worms,worm_annelid,.                        ,Echiura          ,Polychaeta,154972,
Hirudinea,.,other_worms,other_worms,worms,worm_leach,.                            ,.,Clitellata    ,69290,
Phoronis spp.,.,other_worms,other_worms,worms,worm_phoronidae,Phoronidae,.                      ,.                            ,#N/A,
Sipuncula,.,other_worms,other_worms,worms,worm_sipunculid,.                      ,.                     ,.                            ,154520,
Aglaophamus verrilli,Polychaete,polychaete,polychaete,worms,polychaete,Nephtyidae        ,Phyllodocida,Polychaeta,66052,
Amastigos caperatus,Polychaete,polychaete,polychaete,worms,polychaete,Capitellidae,Scolecida,Polychaeta,#N/A,
Ampharete acutifrons,Polychaete,polychaete,polychaete,worms,polychaete,Ampharetidae,Terebellida,Polychaeta,67735,
ampharetidae,Polychaete,polychaete,polychaete,worms,polychaete,Ampharetidae,Terebellida,Polychaeta,,
Ancistrosyllis commensa,Polychaete,polychaete,polychaete,worms,polychaete,Pilargidae,Phyllodocida,Polychaeta,#N/A,
ancistrosyllis commensalis,Polychaete,polychaete,polychaete,worms,polychaete,Pilargidae,Phyllodocida,Polychaeta,,
Ancistrosyllis hartmana,Polychaete,polychaete,polychaete,worms,polychaete,Pilargidae,Phyllodocida,Polychaeta,#N/A,
ancistrosyllis hartmanae,Polychaete,polychaete,polychaete,worms,polychaete,Pilargidae,Phyllodocida,Polychaeta,,
Ancistrosyllis jonesi,Polychaete,polychaete,polychaete,worms,polychaete,Pilargidae,Phyllodocida,Polychaeta,65544,
Ancistrosyllis spp.,Polychaete,polychaete,polychaete,worms,polychaete,Pilargidae,Phyllodocida,Polychaeta,#N/A,
Antinoella sarsi,Polychaete,polychaete,polychaete,worms,polychaete,Polynoidae,Phyllodocida,Polychaeta,64411,
Apoprionospio pygmaea,Polychaete,polychaete,polychaete,worms,polychaete,Spionidae   ,Spionida,Polychaeta,66847,
Arabella iricolor,Polychaete,polychaete,polychaete,worms,polychaete,Oenonidae,Eunicida  ,Polychaeta,66441,
Arabellidae,Polychaete,polychaete,polychaete,worms,polychaete,Arabellidae,Eunicida  ,Polychaeta,66422,
Aricidea catherinae,Polychaete,polychaete,polychaete,worms,polychaete,Paraonidae,Cirratulida,Polychaeta,66765,
Aricidea cerrutii,Polychaete,polychaete,polychaete,worms,polychaete,Paraonidae,Cirratulida,Polychaeta,204494,
Aricidea fragilis,Polychaete,polychaete,polychaete,worms,polychaete,Paraonidae,Cirratulida,Polychaeta,66678,
aricidea spp.,Polychaete,polychaete,polychaete,worms,polychaete,Paraonidae,Cirratulida,Polychaeta,,
Aricidea wassi,Polychaete,polychaete,polychaete,worms,polychaete,Paraonidae,Cirratulida,Polychaeta,66673,
Asabellides oculata,Polychaete,polychaete,polychaete,worms,polychaete,Ampharetidae,Terebellida,Polychaeta,67786,
Autolytus spp.,Polychaete,polychaete,polychaete,worms,polychaete,Syllidae   ,Phyllodocida,Polychaeta,#N/A,
Bhawania heteroseta,Polychaete,polychaete,polychaete,worms,polychaete,Chrysopetalidae,Phyllodocida,Polychaeta,65159,
boccardiella hamata,Polychaete,polychaete,polychaete,worms,polychaete,Spionidae   ,Spionida ,Polychaeta,,
Boccardiella ligerica,Polychaete,polychaete,polychaete,worms,polychaete,Spionidae   ,Spionida ,Polychaeta,67012,
Brania clavata,Polychaete,polychaete,polychaete,worms,polychaete,Syllidae   ,Phyllodocida,Polychaeta,65761,
Brania wellfleetensis,Polychaete,polychaete,polychaete,worms,polychaete,Syllidae   ,Phyllodocida,Polychaeta,65762,
Cabira incerta,Polychaete,polychaete,polychaete,worms,polychaete,Pilargidae,Phyllodocida,Polychaeta,65565,
Capitella capitata comp,Polychaete,polychaete,polychaete,worms,polychaete,Capitellidae,Scolecida,Polychaeta,#N/A,
capitella capitata complex,Polychaete,polychaete,polychaete,worms,polychaete,Capitellidae,Scolecida,Polychaeta,,
capitellidae,Polychaete,polychaete,polychaete,worms,polychaete,Capitellidae,Scolecida,Polychaeta,,
Capitellides jonesi,Polychaete,polychaete,polychaete,worms,polychaete,Capitellidae,Scolecida,Polychaeta,67450,
capitellides sp.,Polychaete,polychaete,polychaete,worms,polychaete,Capitellidae,Scolecida,Polychaeta,,
capitomastus aciculatus,Polychaete,polychaete,polychaete,worms,polychaete,Capitellidae,Scolecida,Polychaeta,,
Carazziella hobsonae,Polychaete,polychaete,polychaete,worms,polychaete,Spionidae   ,Spionida,Polychaeta,67003,
Caulleriella venefica,Polychaete,polychaete,polychaete,worms,polychaete,Cirratulidae,Terebellida,Polychaeta,#N/A,
Ceratonereis irritabili,Polychaete,polychaete,polychaete,worms,polychaete,Nereididae,Phyllodocida,Polychaeta,#N/A,
ceratonereis irritabilis,Polychaete,polychaete,polychaete,worms,polychaete,Nereididae,Phyllodocida,Polychaeta,65874,
Chaetopterus variopedat,Polychaete,polychaete,polychaete,worms,polychaete,Chaetopteridae,Phyllodocida,Polychaeta,#N/A,
chaetopterus variopedatus,Polychaete,polychaete,polychaete,worms,polychaete,Chaetopteridae,Phyllodocida,Polychaeta,67097,
Chaetozone setosa,Polychaete,polychaete,polychaete,worms,polychaete,Cirratulidae,Terebellida,Polychaeta,67157,
Cirratulidae,Polychaete,polychaete,polychaete,worms,polychaete,Cirratulidae,Terebellida,Polychaeta,67116,
Cirrophorus furcatus,Polychaete,polychaete,polychaete,worms,polychaete,Paraonidae,Cirratulida,Polychaeta,66714,
Cirrophorus lyriformis,Polychaete,polychaete,polychaete,worms,polychaete,Paraonidae,Cirratulida,Polychaeta,66709,
Cirrophorus spp.,Polychaete,polychaete,polychaete,worms,polychaete,Paraonidae,Cirratulida,Polychaeta,#N/A,
Clymenella torquata,Polychaete,polychaete,polychaete,worms,polychaete,Maldanidae,Scolecida,Polychaeta,67528,
cossuridae,Polychaete,polychaete,polychaete,worms,polychaete,Cossuridae,Scolecida,Polychaeta,,
Demonax microphthalmus,Polychaete,polychaete,polychaete,worms,polychaete,Sabellidae,Canalipalpata,Polychaeta,68222,
Diopatra cuprea,Polychaete,polychaete,polychaete,worms,polychaete,Onuphidae,Eunicida  ,Polychaeta,66180,
Dipolydora caulleryi,Polychaete,polychaete,polychaete,worms,polychaete,Spionidae   ,Spionida ,Polychaeta,#N/A,
dipolydora commensalis,Polychaete,polychaete,polychaete,worms,polychaete,Spionidae   ,Spionida ,Polychaeta,,
Dipolydora quadrilobata,Polychaete,polychaete,polychaete,worms,polychaete,Spionidae   ,Spionida ,Polychaeta,#N/A,
Dipolydora socialis,Polychaete,polychaete,polychaete,worms,polychaete,Spionidae   ,Spionida ,Polychaeta,#N/A,
Dorvillea rudolphi,Polychaete,polychaete,polychaete,worms,polychaete,Dorvilleidae,Eunicida  ,Polychaeta,66525,
Drilonereis longa,Polychaete,polychaete,polychaete,worms,polychaete,Oenonidae,Eunicida  ,Polychaeta,66426,
Drilonereis magna,Polychaete,polychaete,polychaete,worms,polychaete,Oenonidae,Eunicida  ,Polychaeta,66431,
Drilonereis spp.,Polychaete,polychaete,polychaete,worms,polychaete,Oenonidae,Eunicida  ,Polychaeta,#N/A,
Eteone foliosa,Polychaete,polychaete,polychaete,worms,polychaete,Phyllodocidae,Phyllodocida,Polychaeta,65270,
Eteone heteropoda,Polychaete,polychaete,polychaete,worms,polychaete,Phyllodocidae,Phyllodocida,Polychaeta,65266,
Eteone lactea,Polychaete,polychaete,polychaete,worms,polychaete,Phyllodocidae,Phyllodocida,Polychaeta,65267,
eteone longa,Polychaete,polychaete,polychaete,worms,polychaete,Phyllodocidae,Phyllodocida,Polychaeta,,
Euclymene zonalis,Polychaete,polychaete,polychaete,worms,polychaete,Maldanidae,Scolecida,Polychaeta,67586,
eumida sanguinea,Polychaete,polychaete,polychaete,worms,polychaete,Phyllodocidae,Phyllodocida,Polychaeta,,
Exogone dispar,Polychaete,polychaete,polychaete,worms,polychaete,Syllidae   ,Phyllodocida,Polychaeta,65722,
genetyllis castanea,Polychaete,polychaete,polychaete,worms,polychaete,Phyllodocidae,Phyllodocida,Polychaeta,,
Glycera americana,Polychaete,polychaete,polychaete,worms,polychaete,Glyceridae,Phyllodocida,Polychaeta,66106,
glycera capitata,Polychaete,polychaete,polychaete,worms,polychaete,Glyceridae,Phyllodocida,Polychaeta,,
Glycera dibranchiata,Polychaete,polychaete,polychaete,worms,polychaete,Glyceridae,Phyllodocida,Polychaeta,66107,
Glycera robusta,Polychaete,polychaete,polychaete,worms,polychaete,Glyceridae,Phyllodocida,Polychaeta,66108,
glycera sphyrabrancha,Polychaete,polychaete,polychaete,worms,polychaete,Glyceridae,Phyllodocida,Polychaeta,,
Glycera spp.,Polychaete,polychaete,polychaete,worms,polychaete,Glyceridae,Phyllodocida,Polychaeta,#N/A,
Glycinde solitaria,Polychaete,polychaete,polychaete,worms,polychaete,Goniadidae,Phyllodocida,Polychaeta,66132,
Gyptis crypta,Polychaete,polychaete,polychaete,worms,polychaete,Hesionidae,Phyllodocida,Polychaeta,#N/A,
Harmothoe extenuata,Polychaete,polychaete,polychaete,worms,polychaete,Polynoidae,Phyllodocida,Polychaeta,64509,
Harmothoe spp.,Polychaete,polychaete,polychaete,worms,polychaete,Polynoidae,Phyllodocida,Polychaeta,#N/A,
hauchiella sp. a kritzler,Polychaete,polychaete,polychaete,worms,polychaete,Terebellidae,Terebellida,Polychaeta,,
hemipodus roseus,Polychaete,polychaete,polychaete,worms,polychaete,Glyceridae,Phyllodocida,Polychaeta,,
hermundura americana,Polychaete,polychaete,polychaete,worms,polychaete,Pilargidae,Phyllodocida,Polychaeta,,
hermundura fauveli,Polychaete,polychaete,polychaete,worms,polychaete,Pilargidae,Phyllodocida,Polychaeta,,
Heteromastus filiformis,Polychaete,polychaete,polychaete,worms,polychaete,Capitellidae,Scolecida,Polychaeta,67420,
Hobsonia florida,Polychaete,polychaete,polychaete,worms,polychaete,Ampharetidae,Terebellida,Polychaeta,67755,
Hydroides dianthus,Polychaete,polychaete,polychaete,worms,polychaete,Serpulidae,Sabellida,Polychaeta,68282,
Hydroides protulicola,Polychaete,polychaete,polychaete,worms,polychaete,Serpulidae,Sabellida,Polychaeta,68283,
Laeonereis culveri,Polychaete,polychaete,polychaete,worms,polychaete,Nereididae,Phyllodocida,Polychaeta,65965,
Leitoscoloplos fragilis,Polychaete,polychaete,polychaete,worms,polychaete,Orbiniidae,Scolecida,Polychaeta,66656,
Leitoscoloplos robustus,Polychaete,polychaete,polychaete,worms,polychaete,Orbiniidae,Scolecida,Polychaeta,182728,
Leitoscoloplos spp.,Polychaete,polychaete,polychaete,worms,polychaete,Orbiniidae,Scolecida,Polychaeta,#N/A,
Lepidametria commensali,Polychaete,polychaete,polychaete,worms,polychaete,Polynoidae,Phyllodocida,Polychaeta,#N/A,
lepidametria commensalis,Polychaete,polychaete,polychaete,worms,polychaete,Polynoidae,Phyllodocida,Polychaeta,,
Lepidonotus sublevis,Polychaete,polychaete,polychaete,worms,polychaete,Polynoidae,Phyllodocida,Polychaeta,64610,
lepidonotus variabilis,Polychaete,polychaete,polychaete,worms,polychaete,Polynoidae,Phyllodocida,Polychaeta,,
Levinsenia gracilis,Polychaete,polychaete,polychaete,worms,polychaete,Paraonidae,Cirratulida,Polychaeta,66729,
Loimia medusa,Polychaete,polychaete,polychaete,worms,polychaete,Terebellidae,Terebellida,Polychaeta,68015,
Loimia spp.,Polychaete,polychaete,polychaete,worms,polychaete,Terebellidae,Terebellida,Polychaeta,#N/A,
loimia viridis,Polychaete,polychaete,polychaete,worms,polychaete,Terebellidae,Terebellida,Polychaeta,,
lumbrineridae,Polychaete,polychaete,polychaete,worms,polychaete,Lumbrineridae,Eunicida  ,Polychaeta,,
Lysidice ninetta,Polychaete,polychaete,polychaete,worms,polychaete,Eunicidae,Eunicida  ,Polychaeta,66320,
lysidice unicornis,Polychaete,polychaete,polychaete,worms,polychaete,Eunicidae,Eunicida  ,Polychaeta,,
lysilla alba,Polychaete,polychaete,polychaete,worms,polychaete,Terebellidae,Terebellida,Polychaeta,,
Magelona spp.,Polychaete,polychaete,polychaete,worms,polychaete,Magelonidae,Spionida,Polychaeta,#N/A,
Maldanidae,Polychaete,polychaete,polychaete,worms,polychaete,Maldanidae,Scolecida,Polychaeta,67515,
Malmgreniella taylori,Polychaete,polychaete,polychaete,worms,polychaete,Polynoidae,Phyllodocida,Polychaeta,#N/A,
Manayunkia aestuarina,Polychaete,polychaete,polychaete,worms,polychaete,Fabriciidae,Sabellida,Polychaeta,68171,
Marenzelleria viridis,Polychaete,polychaete,polychaete,worms,polychaete,Spionidae   ,Spionida,Polychaeta,#N/A,
marphysa sanguinea,Polychaete,polychaete,polychaete,worms,polychaete,Eunicidae,Eunicida  ,Polychaeta,,
Mediomastus ambiseta,Polychaete,polychaete,polychaete,worms,polychaete,Capitellidae,Scolecida,Polychaeta,67439,
melinna maculata,Polychaete,polychaete,polychaete,worms,polychaete,Terebellidae,Terebellida,Polychaeta,,
Microphthalmus aberrans,Polychaete,polychaete,polychaete,worms,polychaete,Hesionidae,Phyllodocida,Polychaeta,65478,
Microphthalmus sczelkow,Polychaete,polychaete,polychaete,worms,polychaete,Hesionidae,Phyllodocida,Polychaeta,#N/A,
microphthalmus sczelkowii,Polychaete,polychaete,polychaete,worms,polychaete,Hesionidae,Phyllodocida,Polychaeta,,
Microphthalmus spp.,Polychaete,polychaete,polychaete,worms,polychaete,Hesionidae,Phyllodocida,Polychaeta,#N/A,
Microspio pigmentata,Polychaete,polychaete,polychaete,worms,polychaete,Spionidae   ,Spionida,Polychaeta,66972,
Monticellina dorsobranc,Polychaete,polychaete,polychaete,worms,polychaete,Cirratulidae,Terebellida,Polychaeta,#N/A,
monticellina dorsobranchialis,Polychaete,polychaete,polychaete,worms,polychaete,Cirratulidae,Terebellida,Polychaeta,,
mystides borealis,Polychaete,polychaete,polychaete,worms,polychaete,Phyllodocidae,Phyllodocida,Polychaeta,,
neanthes arenaceodentata,Polychaete,polychaete,polychaete,worms,polychaete,Nereididae,Phyllodocida,Polychaeta,,
Neanthes succinea,Polychaete,polychaete,polychaete,worms,polychaete,Nereididae,Phyllodocida,Polychaeta,65918,
Nephtyidae,Polychaete,polychaete,polychaete,worms,polychaete,Nephtyidae        ,Phyllodocida,Polychaeta,66010,
Nephtys bucera,Polychaete,polychaete,polychaete,worms,polychaete,Nephtyidae        ,Phyllodocida,Polychaeta,66027,
Nephtys incisa,Polychaete,polychaete,polychaete,worms,polychaete,Nephtyidae        ,Phyllodocida,Polychaeta,66028,
Nephtys picta,Polychaete,polychaete,polychaete,worms,polychaete,Nephtyidae        ,Phyllodocida,Polychaeta,66030,
Nephtys spp.,Polychaete,polychaete,polychaete,worms,polychaete,Nephtyidae        ,Phyllodocida,Polychaeta,#N/A,
Nereididae,Polychaete,polychaete,polychaete,worms,polychaete,Nereididae,Phyllodocida,Polychaeta,#N/A,
nereis grayi,Polychaete,polychaete,polychaete,worms,polychaete,Nereididae,Phyllodocida,Polychaeta,,
Nereis spp.,Polychaete,polychaete,polychaete,worms,polychaete,Nereididae,Phyllodocida,Polychaeta,#N/A,
notocirrus spiniferus,Polychaete,polychaete,polychaete,worms,polychaete,Oenonidae,Eunicida  ,Polychaeta,            ,
notomastus hemipodus,Polychaete,polychaete,polychaete,worms,polychaete,Capitellidae,Scolecida,Polychaeta,,
Notomastus sp. A Ewing,Polychaete,polychaete,polychaete,worms,polychaete,Capitellidae,Scolecida,Polychaeta,#N/A,
Notomastus spp.,Polychaete,polychaete,polychaete,worms,polychaete,Capitellidae,Scolecida,Polychaeta,#N/A,
odontosyllis fulgurans,Polychaete,polychaete,polychaete,worms,polychaete,Syllidae   ,Phyllodocida,Polychaeta,,
onuphis eremita,Polychaete,polychaete,polychaete,worms,polychaete,Onuphidae,Eunicida  ,Polychaeta,,
ophelia denticulata,Polychaete,polychaete,polychaete,worms,polychaete,Opheliidae,Scolecida,Polychaeta,,
Orbiniidae,Polychaete,polychaete,polychaete,worms,polychaete,Orbiniidae,Scolecida,Polychaeta,66570,
Owenia fusiformis,Polychaete,polychaete,polychaete,worms,polychaete,Oweniidae,Sabellida,Polychaeta,67647,
paradoneis sp. b morris,Polychaete,polychaete,polychaete,worms,polychaete,Paraonidae,Scolecida,Polychaeta,,
Parahesione luteola,Polychaete,polychaete,polychaete,worms,polychaete,Hesionidae,Phyllodocida,Polychaeta,65493,
Paranaitis speciosa,Polychaete,polychaete,polychaete,worms,polychaete,Phyllodocidae,Phyllodocida,Polychaeta,65321,
Parandalia tricuspis,Polychaete,polychaete,polychaete,worms,polychaete,Pilargidae,Phyllodocida,Polychaeta,#N/A,
paraonidae,Polychaete,polychaete,polychaete,worms,polychaete,Paraonidae,Cirratulida,Polychaeta,,
Paraonis fulgens,Polychaete,polychaete,polychaete,worms,polychaete,Paraonidae,Cirratulida,Polychaeta,66697,
Parapionosyllis longici,Polychaete,polychaete,polychaete,worms,polychaete,Syllidae   ,Phyllodocida,Polychaeta,#N/A,
parapionosyllis longicirrata,Polychaete,polychaete,polychaete,worms,polychaete,Syllidae   ,Phyllodocida,Polychaeta,,
Paraprionospio pinnata,Polychaete,polychaete,polychaete,worms,polychaete,Spionidae   ,Spionida,Polychaeta,66937,
Pectinaria gouldii,Polychaete,polychaete,polychaete,worms,polychaete,Pectinariidae,Terebellida,Polychaeta,#N/A,
Pholoe minuta,Polychaete,polychaete,polychaete,worms,polychaete,Pectinariidae,Terebellida,Polychaeta,65074,
Phyllodoce arenae,Polychaete,polychaete,polychaete,worms,polychaete,Pholoidae,Phyllodocida,Polychaeta,65366,
Phyllodoce fragilis,Polychaete,polychaete,polychaete,worms,polychaete,Pholoidae,Phyllodocida,Polychaeta,65337,
phyllodocidae,Polychaete,polychaete,polychaete,worms,polychaete,Pholoidae,Phyllodocida,Polychaeta,,
Pilargidae,Polychaete,polychaete,polychaete,worms,polychaete,Pilargidae,Phyllodocida,Polychaeta,65540,
pista cristata,Polychaete,polychaete,polychaete,worms,polychaete,Terebellidae,Terebellida,Polychaeta,,
Pista palmata,Polychaete,polychaete,polychaete,worms,polychaete,Terebellidae,Terebellida,Polychaeta,67947,
Pista quadrilobata,Polychaete,polychaete,polychaete,worms,polychaete,Terebellidae,Terebellida,Polychaeta,67951,
Platynereis dumerilii,Polychaete,polychaete,polychaete,worms,polychaete,Nereididae,Phyllodocida,Polychaeta,65950,
Podarke obscura,Polychaete,polychaete,polychaete,worms,polychaete,Hesionidae,Phyllodocida,Polychaeta,65517,
Podarkeopsis levifuscin,Polychaete,polychaete,polychaete,worms,polychaete,Hesionidae,Phyllodocida,Polychaeta,#N/A,
podarkeopsis levifuscina,Polychaete,polychaete,polychaete,worms,polychaete,Hesionidae,Phyllodocida,Polychaeta,,
Polycirrus eximius,Polychaete,polychaete,polychaete,worms,polychaete,Terebellidae,Terebellida,Polychaeta,67963,
Polydora cornuta,Polychaete,polychaete,polychaete,worms,polychaete,Spionidae   ,Spionida,Polychaeta,204501,
Polydora websteri,Polychaete,polychaete,polychaete,worms,polychaete,Spionidae   ,Spionida,Polychaeta,66802,
polygordius spp.,Polychaete,polychaete,polychaete,worms,polychaete,Polygordiidae,Canalipalpata,Polychaeta,,
polynoidae,Polychaete,polychaete,polychaete,worms,polychaete,Polynoidae,Phyllodocida,Polychaeta,,
prionospio heterobranchia,Polychaete,polychaete,polychaete,worms,polychaete,Spionidae   ,Spionida,Polychaeta,,
Prionospio perkinsi,Polychaete,polychaete,polychaete,worms,polychaete,Spionidae   ,Spionida,Polychaeta,66854,
Proceraea cornuta,Polychaete,polychaete,polychaete,worms,polychaete,Syllidae   ,Phyllodocida,Polychaeta,65591,
Proceraea spp.,Polychaete,polychaete,polychaete,worms,polychaete,Syllidae   ,Phyllodocida,Polychaeta,#N/A,
protodrilus spp.,Polychaete,polychaete,polychaete,worms,polychaete,Protodrilidae,Polychaeta incertae sedis,Polychaeta,,
Pseudeurythoe paucibran,Polychaete,polychaete,polychaete,worms,polychaete,Amphinomidae,Amphinomida,Polychaeta,#N/A,
pseudeurythoe paucibranchiata,Polychaete,polychaete,polychaete,worms,polychaete,Amphinomidae,Amphinomida,Polychaeta,,
pseudopotamilla reniformis,Polychaete,polychaete,polychaete,worms,polychaete,Sabellaridae,Sabellida,Polychaeta,,
Sabaco elongatus,Polychaete,polychaete,polychaete,worms,polychaete,Maldanidae,Scolecida,Polychaeta,#N/A,
Sabellaria vulgaris,Polychaete,polychaete,polychaete,worms,polychaete,Sabellaridae,Canalipalpata,Polychaeta,67671,
samythella elongata,Polychaete,polychaete,polychaete,worms,polychaete,Ampharetidae,Terebellida,Polychaeta,,
scalibregma inflatum,Polychaete,polychaete,polychaete,worms,polychaete,Scalibregmatidae,Scolecida,Polychaeta,,
Scolelepis bousfieldi,Polychaete,polychaete,polychaete,worms,polychaete,Spionidae   ,Spionida,Polychaeta,66944,
Scolelepis spp.,Polychaete,polychaete,polychaete,worms,polychaete,Spionidae   ,Spionida,Polychaeta,#N/A,
Scolelepis squamata,Polychaete,polychaete,polychaete,worms,polychaete,Spionidae   ,Spionida,Polychaeta,66943,
Scolelepis texana,Polychaete,polychaete,polychaete,worms,polychaete,Spionidae   ,Spionida,Polychaeta,66949,
scoletoma fragilis,Polychaete,polychaete,polychaete,worms,polychaete,Lumbrineridae,Eunicida  ,Polychaeta,,
scoletoma tenuis,Polychaete,polychaete,polychaete,worms,polychaete,Lumbrineridae,Eunicida  ,Polychaeta,,
Scoloplos rubra,Polychaete,polychaete,polychaete,worms,polychaete,Orbiniidae,Scolecida,Polychaeta,66603,
scoloplos texana,Polychaete,polychaete,polychaete,worms,polychaete,Orbiniidae,Scolecida,Polychaeta,,
sigalion arenicola,Polychaete,polychaete,polychaete,worms,polychaete,Sigalionidae,Phyllodocida,Polychaeta,,
Sigambra bassi,Polychaete,polychaete,polychaete,worms,polychaete,Pilargidae,Phyllodocida,Polychaeta,65554,
Sigambra spp.,Polychaete,polychaete,polychaete,worms,polychaete,Pilargidae,Phyllodocida,Polychaeta,#N/A,
Sigambra tentaculata,Polychaete,polychaete,polychaete,worms,polychaete,Pilargidae,Phyllodocida,Polychaeta,65552,
sphaerodoropsis spp.,Polychaete,polychaete,polychaete,worms,polychaete,Sphaerodoridae,Phyllodocida,Polychaeta,,
sphaerosyllis spp.,Polychaete,polychaete,polychaete,worms,polychaete,Syllidae   ,Phyllodocida,Polychaeta,,
Sphaerosyllis taylori,Polychaete,polychaete,polychaete,worms,polychaete,Syllidae   ,Phyllodocida,Polychaeta,65747,
Spio setosa,Polychaete,polychaete,polychaete,worms,polychaete,Spionidae   ,Spionida,Polychaeta,66868,
Spiochaetopterus costar,Polychaete,polychaete,polychaete,worms,polychaete,Chaetopteridae,Phyllodocida,Polychaeta,#N/A,
spiochaetopterus costarum,Polychaete,polychaete,polychaete,worms,polychaete,Chaetopteridae,Phyllodocida,Polychaeta,,
spionidae,Polychaete,polychaete,polychaete,worms,polychaete,Spionidae   ,Spionida,Polychaeta,,
Spiophanes bombyx,Polychaete,polychaete,polychaete,worms,polychaete,Chaetopteridae,Phyllodocida,Polychaeta,66897,
sthenelais boa,Polychaete,polychaete,polychaete,worms,polychaete,Sigalionidae,Phyllodocida,Polychaeta,,
sthenelais spp.,Polychaete,polychaete,polychaete,worms,polychaete,Sigalionidae,Phyllodocida,Polychaeta,,
Streblospio benedicti,Polychaete,polychaete,polychaete,worms,polychaete,Spionidae   ,Spionida,Polychaeta,66939,
Streptosyllis arenae,Polychaete,polychaete,polychaete,worms,polychaete,Syllidae   ,Phyllodocida,Polychaeta,65818,
streptosyllis pettiboneae,Polychaete,polychaete,polychaete,worms,polychaete,Syllidae   ,Phyllodocida,Polychaeta,,
Syllidae,Polychaete,polychaete,polychaete,worms,polychaete,Syllidae   ,Phyllodocida,Polychaeta,65587,
Syllides floridanus,Polychaete,polychaete,polychaete,worms,polychaete,Syllidae   ,Phyllodocida,Polychaeta,65815,
Syllides fulva,Polychaete,polychaete,polychaete,worms,polychaete,Syllidae   ,Phyllodocida,Polychaeta,65811,
Syllides spp.,Polychaete,polychaete,polychaete,worms,polychaete,Syllidae   ,Phyllodocida,Polychaeta,#N/A,
syllides verrilli,Polychaete,polychaete,polychaete,worms,polychaete,Syllidae   ,Phyllodocida,Polychaeta,,
Terebellidae,Polychaete,polychaete,polychaete,worms,polychaete,Terebellidae,Terebellida,Polychaeta,67899,
Thalassema hartmani,Polychaete,polychaete,polychaete,worms,polychaete,Echiuridae,Echiuroidea,Polychaeta,155119,
Tharyx sp. A Morris,Polychaete,polychaete,polychaete,worms,polychaete,Cirratulidae,Terebellida,Polychaeta,#N/A,
tharyx spp.,Polychaete,polychaete,polychaete,worms,polychaete,Cirratulidae,Terebellida,Polychaeta,,
travisia spp.,Polychaete,polychaete,polychaete,worms,polychaete,Travisiidae,Scolecida,Polychaeta,,